prediction,Violations_in_Cluster,Avg_Severity,Cluster_Center_Lat,Cluster_Center_Long
4,2323,3.5901851054670684,1.2672229444683576,0.14155131295738296
0,1628,3.563882063882064,-46.88421812039309,-113.31236265356264
3,1621,3.5835903763109194,-48.73292584824187,109.84187692782234
1,1611,3.6039726877715705,46.61978243327126,117.86790968342667
2,1556,3.642030848329049,48.5236566838046,-114.70259800771215
