prediction,Violations_in_Cluster,Avg_Severity,Cluster_Center_Lat,Cluster_Center_Long
4,2323,2.97814969781497,1.2672229444683576,0.14155131295738296
0,1628,2.9980456026058633,-46.88421812039309,-113.31236265356264
3,1621,2.9355271994627268,-48.73292584824187,109.84187692782234
1,1611,3.0019933554817277,46.61978243327126,117.86790968342667
2,1556,2.9750865051903115,48.5236566838046,-114.70259800771215
