TimeWindow,Total_Violations,Avg_Severity
00:00-03:00,1130,2.9063097514340344
03:00-06:00,1162,2.963720930232558
06:00-09:00,1123,2.9537299338999055
09:00-12:00,1359,2.9817315329626686
12:00-15:00,1077,2.9465346534653465
15:00-18:00,1122,2.9781990521327013
18:00-21:00,1118,3.062022900763359
21:00-00:00,1122,3.025145067698259
