TimeWindow,Total_Violations,Avg_Severity
00:00-03:00,1130,3.650442477876106
03:00-06:00,1162,3.6325301204819276
06:00-09:00,1123,3.6812110418521815
09:00-12:00,1359,3.5886681383370127
12:00-15:00,1077,3.5524605385329617
15:00-18:00,1122,3.5793226381461674
18:00-21:00,1118,3.5420393559928445
21:00-00:00,1122,3.5436720142602494
